Python Programming: Using Problem Solving Approach,442,/gp/goldbox/ref=sxts_sxwds-deals?pd_rd_w=jHL1i&pf_rd_p=bad35f2b-c35c-40da-a850-579f7791b16c&pf_rd_r=RS98G8KDZ8F11G0DD6DA&pd_rd_r=ced8432a-6295-4040-9236-7b73332767b1&pd_rd_wg=cSW23&qid=1603709807
Programming in Python 3: A Complete Introduction to the Python Language,544,/Python-Programming-Problem-Solving-Approach/dp/0199480176/ref=sxts_sxwds-deals?cv_ct_cx=python+programming&dchild=1&keywords=python+programming&pd_rd_i=0199480176&pd_rd_r=ced8432a-6295-4040-9236-7b73332767b1&pd_rd_w=jHL1i&pd_rd_wg=cSW23&pf_rd_p=bad35f2b-c35c-40da-a850-579f7791b16c&pf_rd_r=RS98G8KDZ8F11G0DD6DA&psc=1&qid=1603709807&sr=1-1-639fa736-8ebd-4159-8516-a629dca5da33
"Python Crash Course, 2nd Edition: A Hands-On, Project-Based Introduction to Programming",940,/Python-Programming-Problem-Solving-Approach/dp/0199480176/ref=sxts_sxwds-deals?cv_ct_cx=python+programming&dchild=1&keywords=python+programming&pd_rd_i=0199480176&pd_rd_r=ced8432a-6295-4040-9236-7b73332767b1&pd_rd_w=jHL1i&pd_rd_wg=cSW23&pf_rd_p=bad35f2b-c35c-40da-a850-579f7791b16c&pf_rd_r=RS98G8KDZ8F11G0DD6DA&psc=1&qid=1603709807&sr=1-1-639fa736-8ebd-4159-8516-a629dca5da33
Core Python Programming,661,/Reema-Thareja/e/B00357V8ME?ref=sxts_sxwds-deals&qid=1603709807&sr=1-1-639fa736-8ebd-4159-8516-a629dca5da33
Learning with Python,349,/Python-Programming-Problem-Solving-Approach/dp/0199480176/ref=sxts_sxwds-deals?cv_ct_cx=python+programming&dchild=1&keywords=python+programming&pd_rd_i=0199480176&pd_rd_r=ced8432a-6295-4040-9236-7b73332767b1&pd_rd_w=jHL1i&pd_rd_wg=cSW23&pf_rd_p=bad35f2b-c35c-40da-a850-579f7791b16c&pf_rd_r=RS98G8KDZ8F11G0DD6DA&psc=1&qid=1603709807&sr=1-1-639fa736-8ebd-4159-8516-a629dca5da33#customerReviews
Python Programming For Beginners: A Complete Beginner’s Guide for Learn the Most Effective Strategies to Master Programming Quickly and Crash Course with Practical Examples,0,/Python-Programming-Problem-Solving-Approach/dp/0199480176/ref=sxts_sxwds-deals?cv_ct_cx=python+programming&dchild=1&keywords=python+programming&pd_rd_i=0199480176&pd_rd_r=ced8432a-6295-4040-9236-7b73332767b1&pd_rd_w=jHL1i&pd_rd_wg=cSW23&pf_rd_p=bad35f2b-c35c-40da-a850-579f7791b16c&pf_rd_r=RS98G8KDZ8F11G0DD6DA&psc=1&qid=1603709807&sr=1-1-639fa736-8ebd-4159-8516-a629dca5da33
PYTHON: PROGRAMMING: A BEGINNER’S GUIDE TO LEARN PYTHON IN 7 DAYS,79.,/gp/goldbox/
"Python 3 Object-Oriented Programming: Build robust and maintainable software with object-oriented design patterns in Python 3.8, 3rd Edition",387.,/Python-Programming-Problem-Solving-Approach/dp/0199480176/ref=sxts_sxwds-deals?cv_ct_cx=python+programming&dchild=1&keywords=python+programming&pd_rd_i=0199480176&pd_rd_r=ced8432a-6295-4040-9236-7b73332767b1&pd_rd_w=jHL1i&pd_rd_wg=cSW23&pf_rd_p=bad35f2b-c35c-40da-a850-579f7791b16c&pf_rd_r=RS98G8KDZ8F11G0DD6DA&psc=1&qid=1603709807&sr=1-1-639fa736-8ebd-4159-8516-a629dca5da33
"Python: For Beginners: A Crash Course Guide To Learn Python in 1 Week (coding, programming, web-programming, programmer)",449,/gp/offer-listing/0199480176/ref=sxts_sxwds-deals_olp?keywords=python+programming&pf_rd_p=bad35f2b-c35c-40da-a850-579f7791b16c&pf_rd_r=RS98G8KDZ8F11G0DD6DA&pd_rd_wg=cSW23&pd_rd_i=0199480176&pd_rd_w=jHL1i&qid=1603709807&pd_rd_r=ced8432a-6295-4040-9236-7b73332767b1&cv_ct_cx=python+programming&sr=1-1-639fa736-8ebd-4159-8516-a629dca5da33&psc=1&dchild=1
Core Python Programming,661,/Programming-Python-Complete-Introduction-Language/dp/9352869176/ref=sxts_sxwds-deals?cv_ct_cx=python+programming&dchild=1&keywords=python+programming&pd_rd_i=9352869176&pd_rd_r=ced8432a-6295-4040-9236-7b73332767b1&pd_rd_w=jHL1i&pd_rd_wg=cSW23&pf_rd_p=bad35f2b-c35c-40da-a850-579f7791b16c&pf_rd_r=RS98G8KDZ8F11G0DD6DA&psc=1&qid=1603709807&sr=1-2-639fa736-8ebd-4159-8516-a629dca5da33
Python Programming: Using Problem Solving Approach,442,/Programming-Python-Complete-Introduction-Language/dp/9352869176/ref=sxts_sxwds-deals?cv_ct_cx=python+programming&dchild=1&keywords=python+programming&pd_rd_i=9352869176&pd_rd_r=ced8432a-6295-4040-9236-7b73332767b1&pd_rd_w=jHL1i&pd_rd_wg=cSW23&pf_rd_p=bad35f2b-c35c-40da-a850-579f7791b16c&pf_rd_r=RS98G8KDZ8F11G0DD6DA&psc=1&qid=1603709807&sr=1-2-639fa736-8ebd-4159-8516-a629dca5da33
"Python Crash Course, 2nd Edition: A Hands-On, Project-Based Introduction to Programming",940,/Mark-Summerfield/e/B001H6NW9M?ref=sxts_sxwds-deals&qid=1603709807&sr=1-2-639fa736-8ebd-4159-8516-a629dca5da33
Python Programming |A modular approach | First Edition | By Pearson,389,/Programming-Python-Complete-Introduction-Language/dp/9352869176/ref=sxts_sxwds-deals?cv_ct_cx=python+programming&dchild=1&keywords=python+programming&pd_rd_i=9352869176&pd_rd_r=ced8432a-6295-4040-9236-7b73332767b1&pd_rd_w=jHL1i&pd_rd_wg=cSW23&pf_rd_p=bad35f2b-c35c-40da-a850-579f7791b16c&pf_rd_r=RS98G8KDZ8F11G0DD6DA&psc=1&qid=1603709807&sr=1-2-639fa736-8ebd-4159-8516-a629dca5da33#customerReviews
Python: The Complete Reference,492,/Programming-Python-Complete-Introduction-Language/dp/9352869176/ref=sxts_sxwds-deals?cv_ct_cx=python+programming&dchild=1&keywords=python+programming&pd_rd_i=9352869176&pd_rd_r=ced8432a-6295-4040-9236-7b73332767b1&pd_rd_w=jHL1i&pd_rd_wg=cSW23&pf_rd_p=bad35f2b-c35c-40da-a850-579f7791b16c&pf_rd_r=RS98G8KDZ8F11G0DD6DA&psc=1&qid=1603709807&sr=1-2-639fa736-8ebd-4159-8516-a629dca5da33
"Beginning Programming with Python For Dummies, 2ed",499,/gp/goldbox/
Let Us Python,248,/Programming-Python-Complete-Introduction-Language/dp/9352869176/ref=sxts_sxwds-deals?cv_ct_cx=python+programming&dchild=1&keywords=python+programming&pd_rd_i=9352869176&pd_rd_r=ced8432a-6295-4040-9236-7b73332767b1&pd_rd_w=jHL1i&pd_rd_wg=cSW23&pf_rd_p=bad35f2b-c35c-40da-a850-579f7791b16c&pf_rd_r=RS98G8KDZ8F11G0DD6DA&psc=1&qid=1603709807&sr=1-2-639fa736-8ebd-4159-8516-a629dca5da33
Programming in Python 3: A Complete Introduction to the Python Language,544,/gp/bestsellers/books/14447071031/ref=sr_bs_2_14447071031_1
Python: The Complete Reference,492,/Python-Crash-Course-Eric-Matthes/dp/1593279280/ref=sxts_sxwds-deals?cv_ct_cx=python+programming&dchild=1&keywords=python+programming&pd_rd_i=1593279280&pd_rd_r=ced8432a-6295-4040-9236-7b73332767b1&pd_rd_w=jHL1i&pd_rd_wg=cSW23&pf_rd_p=bad35f2b-c35c-40da-a850-579f7791b16c&pf_rd_r=RS98G8KDZ8F11G0DD6DA&psc=1&qid=1603709807&sr=1-3-639fa736-8ebd-4159-8516-a629dca5da33
Programming and Problem Solving with Python,520,/Python-Crash-Course-Eric-Matthes/dp/1593279280/ref=sxts_sxwds-deals?cv_ct_cx=python+programming&dchild=1&keywords=python+programming&pd_rd_i=1593279280&pd_rd_r=ced8432a-6295-4040-9236-7b73332767b1&pd_rd_w=jHL1i&pd_rd_wg=cSW23&pf_rd_p=bad35f2b-c35c-40da-a850-579f7791b16c&pf_rd_r=RS98G8KDZ8F11G0DD6DA&psc=1&qid=1603709807&sr=1-3-639fa736-8ebd-4159-8516-a629dca5da33
Introduction to Computation and Programming Using Python with Application to Understanding Data,591,/Eric-Matthes/e/B01DPU378I?ref=sxts_sxwds-deals&qid=1603709807&sr=1-3-639fa736-8ebd-4159-8516-a629dca5da33
Learn and Practice Python Programming Ed2,350,/Python-Crash-Course-Eric-Matthes/dp/1593279280/ref=sxts_sxwds-deals?cv_ct_cx=python+programming&dchild=1&keywords=python+programming&pd_rd_i=1593279280&pd_rd_r=ced8432a-6295-4040-9236-7b73332767b1&pd_rd_w=jHL1i&pd_rd_wg=cSW23&pf_rd_p=bad35f2b-c35c-40da-a850-579f7791b16c&pf_rd_r=RS98G8KDZ8F11G0DD6DA&psc=1&qid=1603709807&sr=1-3-639fa736-8ebd-4159-8516-a629dca5da33#customerReviews
Python Made Easy: Step by Step Guide to Programming and Data Analysis using Python for Beginners and Intermediate Level,699,/Python-Crash-Course-Eric-Matthes/dp/1593279280/ref=sxts_sxwds-deals?cv_ct_cx=python+programming&dchild=1&keywords=python+programming&pd_rd_i=1593279280&pd_rd_r=ced8432a-6295-4040-9236-7b73332767b1&pd_rd_w=jHL1i&pd_rd_wg=cSW23&pf_rd_p=bad35f2b-c35c-40da-a850-579f7791b16c&pf_rd_r=RS98G8KDZ8F11G0DD6DA&psc=1&qid=1603709807&sr=1-3-639fa736-8ebd-4159-8516-a629dca5da33
